12:05A ,12:06A ,12:07A ,12:09A ,12:15A ,12:16A ,12:19A ,12:21A ,12:23A ,12:25A ,12:28A ,12:30A ,12:33A
12:36A ,12:37A ,,12:40A ,12:46A ,12:47A ,12:50A ,12:52A ,12:54A ,12:56A ,12:59A ,1:01A ,1:04A
1:20A ,1:21A ,,1:24A ,1:30A ,1:31A ,1:34A ,1:36A ,1:38A ,1:40A ,1:43A ,1:45A ,1:48A
2:05A ,2:06A ,,2:09A ,2:15A ,2:16A ,2:19A ,2:21A ,2:23A ,2:25A ,2:28A ,2:30A ,2:33A
2:50A ,2:51A ,,2:54A ,3:00A ,3:01A ,3:04A ,3:06A ,3:08A ,3:10A ,3:13A ,3:15A ,3:18A
3:35A ,3:36A ,,3:39A ,3:45A ,3:46A ,3:49A ,3:51A ,3:53A ,3:55A ,3:58A ,4:00A ,4:03A
4:20A ,4:21A ,4:22A ,4:24A ,4:30A ,4:31A ,4:34A ,4:36A ,4:38A ,4:40A ,4:43A ,4:45A ,4:48A
4:56A ,4:57A ,4:58A ,5:00A ,5:06A ,5:07A ,5:10A ,5:12A ,5:14A ,5:16A ,5:19A ,5:21A ,5:24A
5:25A ,5:26A ,5:27A ,5:29A ,5:35A ,5:36A ,5:39A ,5:41A ,5:43A ,5:45A ,5:48A ,5:50A ,5:53A
5:55A ,5:56A ,5:57A ,5:59A ,6:05A ,6:06A ,6:09A ,6:11A ,6:13A ,6:15A ,6:18A ,6:20A ,6:23A
6:25A ,6:26A ,6:27A ,6:29A ,6:35A ,6:36A ,6:39A ,6:41A ,6:43A ,6:45A ,6:48A ,6:50A ,6:53A
6:55A ,6:56A ,6:57A ,6:59A ,7:05A ,7:06A ,7:09A ,7:11A ,7:13A ,7:15A ,7:18A ,7:20A ,7:23A
7:25A ,7:26A ,7:27A ,7:29A ,7:35A ,7:36A ,7:39A ,7:41A ,7:43A ,7:45A ,7:48A ,7:50A ,7:53A
7:55A ,7:56A ,7:57A ,7:59A ,8:05A ,8:06A ,8:09A ,8:11A ,8:13A ,8:15A ,8:18A ,8:20A ,8:23A
8:25A ,8:26A ,8:27A ,8:29A ,8:35A ,8:36A ,8:39A ,8:41A ,8:43A ,8:45A ,8:48A ,8:50A ,8:53A
8:55A ,8:56A ,8:57A ,8:59A ,9:05A ,9:06A ,9:09A ,9:11A ,9:13A ,9:15A ,9:18A ,9:20A ,9:23A
9:25A ,9:26A ,9:27A ,9:29A ,9:35A ,9:36A ,9:39A ,9:41A ,9:43A ,9:45A ,9:48A ,9:50A ,9:53A
9:55A ,9:56A ,9:57A ,9:59A ,10:05A ,10:06A ,10:09A ,10:11A ,10:13A ,10:15A ,10:18A ,10:20A ,10:23A
10:25A ,10:26A ,10:27A ,10:29A ,10:35A ,10:36A ,10:39A ,10:41A ,10:43A ,10:45A ,10:48A ,10:50A ,10:53A
10:55A ,10:56A ,10:57A ,10:59A ,11:05A ,11:06A ,11:09A ,11:11A ,11:13A ,11:15A ,11:18A ,11:20A ,11:23A
11:25A ,11:26A ,11:27A ,11:29A ,11:35A ,11:36A ,11:39A ,11:41A ,11:43A ,11:45A ,11:48A ,11:50A ,11:53A
11:55A ,11:56A ,11:57A ,11:59A ,12:05P ,12:06P ,12:09P ,12:11P ,12:13P ,12:15P ,12:18P ,12:20P ,12:23P
12:25P ,12:26P ,12:27P ,12:29P ,12:35P ,12:36P ,12:39P ,12:41P ,12:43P ,12:45P ,12:48P ,12:50P ,12:53P
12:55P ,12:56P ,12:57P ,12:59P ,1:05P ,1:06P ,1:09P ,1:11P ,1:13P ,1:15P ,1:18P ,1:20P ,1:23P
1:25P ,1:26P ,1:27P ,1:29P ,1:35P ,1:36P ,1:39P ,1:41P ,1:43P ,1:45P ,1:48P ,1:50P ,1:53P
1:55P ,1:56P ,1:57P ,1:59P ,2:05P ,2:06P ,2:09P ,2:11P ,2:13P ,2:15P ,2:18P ,2:20P ,2:23P
2:25P ,2:26P ,2:27P ,2:29P ,2:35P ,2:36P ,2:39P ,2:41P ,2:43P ,2:45P ,2:48P ,2:50P ,2:53P
2:55P ,2:56P ,2:57P ,2:59P ,3:05P ,3:06P ,3:09P ,3:11P ,3:13P ,3:15P ,3:18P ,3:20P ,3:23P
3:25P ,3:26P ,3:27P ,3:29P ,3:35P ,3:36P ,3:39P ,3:41P ,3:43P ,3:45P ,3:48P ,3:50P ,3:53P
3:55P ,3:56P ,3:57P ,3:59P ,4:05P ,4:06P ,4:09P ,4:11P ,4:13P ,4:15P ,4:18P ,4:20P ,4:23P
4:25P ,4:26P ,4:27P ,4:29P ,4:35P ,4:36P ,4:39P ,4:41P ,4:43P ,4:45P ,4:48P ,4:50P ,4:53P
4:55P ,4:56P ,4:57P ,4:59P ,5:05P ,5:06P ,5:09P ,5:11P ,5:13P ,5:15P ,5:18P ,5:20P ,5:23P
5:25P ,5:26P ,5:27P ,5:29P ,5:35P ,5:36P ,5:39P ,5:41P ,5:43P ,5:45P ,5:48P ,5:50P ,5:53P
5:55P ,5:56P ,5:57P ,5:59P ,6:05P ,6:06P ,6:09P ,6:11P ,6:13P ,6:15P ,6:18P ,6:20P ,6:23P
6:25P ,6:26P ,6:27P ,6:29P ,6:35P ,6:36P ,6:39P ,6:41P ,6:43P ,6:45P ,6:48P ,6:50P ,6:53P
6:55P ,6:56P ,6:57P ,6:59P ,7:05P ,7:06P ,7:09P ,7:11P ,7:13P ,7:15P ,7:18P ,7:20P ,7:23P
7:25P ,7:26P ,7:27P ,7:29P ,7:35P ,7:36P ,7:39P ,7:41P ,7:43P ,7:45P ,7:48P ,7:50P ,7:53P
7:55P ,7:56P ,7:57P ,7:59P ,8:05P ,8:06P ,8:09P ,8:11P ,8:13P ,8:15P ,8:18P ,8:20P ,8:23P
8:25P ,8:26P ,8:27P ,8:29P ,8:35P ,8:36P ,8:39P ,8:41P ,8:43P ,8:45P ,8:48P ,8:50P ,8:53P
8:55P ,8:56P ,8:57P ,8:59P ,9:05P ,9:06P ,9:09P ,9:11P ,9:13P ,9:15P ,9:18P ,9:20P ,9:23P
9:25P ,9:26P ,9:27P ,9:29P ,9:35P ,9:36P ,9:39P ,9:41P ,9:43P ,9:45P ,9:48P ,9:50P ,9:53P
9:55P ,9:56P ,9:57P ,9:59P ,10:05P ,10:06P ,10:09P ,10:11P ,10:13P ,10:15P ,10:18P ,10:20P ,10:23P
10:25P ,10:26P ,10:27P ,10:29P ,10:35P ,10:36P ,10:39P ,10:41P ,10:43P ,10:45P ,10:48P ,10:50P ,10:53P
10:55P ,10:56P ,10:57P ,10:59P ,11:05P ,11:06P ,11:09P ,11:11P ,11:13P ,11:15P ,11:18P ,11:20P ,11:23P
11:25P ,11:26P ,11:27P ,11:29P ,11:35P ,11:36P ,11:39P ,11:41P ,11:43P ,11:45P ,11:48P ,11:50P ,11:53P
11:55P ,11:56P ,11:57P ,11:59P ,12:05A ,12:06A ,12:09A ,12:11A ,12:13A ,12:15A ,12:18A ,12:20A ,12:23A
